類型,代碼,學校名稱,公/私立,縣市名稱,郵遞區號,地址,電話,網址
社大,14501,市立板橋國中,公立,[01]新北市,220,新北市板橋區中正路437號,(02)29666498#234,http://www.pcjh.ntpc.edu.tw
社大,14503,市立重慶國中,公立,[01]新北市,220,新北市板橋區國慶路221號,(02)29543001,http://www.ccjh.ntpc.edu.tw
社大,14504,市立江翠國中,公立,[01]新北市,220,新北市板橋區松江街63號,(02)22513256,http://www.ctjh.ntpc.edu.tw
社大,14505,市立中山國中,公立,[01]新北市,220,新北市板橋區文化路一段188巷56號,(02)22508250#201,http://www.csjh.ntpc.edu.tw
社大,14506,市立新埔國中,公立,[01]新北市,220,新北市板橋區新海路181號,(02)22572275,http://www.hpjh.ntpc.edu.tw
學校,14507,市立新莊國中,公立,[01]新北市,242,新北市新莊區中正路211號,(02)22766326,http://www.hcjh.ntpc.edu.tw
學校,14508,市立新泰國中,公立,[01]新北市,242,新北市新莊區新泰路359號,(02)29960745,http://www.htjh.ntpc.edu.tw
學校,14509,市立福營國中,公立,[01]新北市,242,新北市新莊區富國路105號,(02)22045556,http://www.fyjh.ntpc.edu.tw
學校,14510,市立頭前國中,公立,[01]新北市,242,新北市新莊區中原路2號,(02)85222862,http://www.tqjh.ntpc.edu.tw/default.asp
遊樂園,14512,市立光榮國中,公立,[01]新北市,241,新北市三重區介壽路26號,(02)29721430,http://www.grjh.ntpc.edu.tw
遊樂園,14513,市立明志國中,公立,[01]新北市,241,新北市三重區中正北路107號,(02)29844132,http://www.mcjh.ntpc.edu.tw
遊樂園,14514,市立碧華國中,公立,[01]新北市,241,新北市三重區自強路五段66號,(02)29851121,http://www.bhjh.ntpc.edu.tw
站台01,14516,市立永和國中,公立,[01]新北市,234,新北市永和區國中路111號,(02)29214209,http://www.jhjhs.ntpc.edu.tw
站台01,14517,市立福和國中,公立,[01]新北市,234,新北市永和區永利路71號,(02)29261836,http://www.fhjh.ntpc.edu.tw
站台02,14518,市立中和國中,公立,[01]新北市,235,新北市中和區興南路二段3巷17號,(02)29422270,http://www.chjhs.ntpc.edu.tw
站台02,14519,市立積穗國中,公立,[01]新北市,235,新北市中和區民安街66號,(02)22234747,http://www.gsjh.ntpc.edu.tw
站台02,14520,市立漳和國中,公立,[01]新北市,235,新北市中和區廣福路39號,(02)22488616,http://www.chjh.ntpc.edu.tw
社大,14521,市立鶯歌國中,公立,[01]新北市,239,新北市鶯歌區尖山埔路108號,(02)26701461,http://www.ykjhs.ntpc.edu.tw
社大,14523,市立柑園國中,公立,[01]新北市,238,新北市樹林區柑園街二段125號,(02)26801958,http://www.gyjh.ntpc.edu.tw
社大,14524,市立土城國中,公立,[01]新北市,236,新北市土城區永寧路18號,(02)22675135#102,http://www.tcjh.ntpc.edu.tw
社大,14525,市立三峽國中,公立,[01]新北市,237,新北市三峽區復興路238號,(02)26711043,http://www.shjhs.ntpc.edu.tw
社大,14527,市立八里國中,公立,[01]新北市,249,新北市八里區荖阡坑路15號,(02)26102016,http://www.pljhs.ntpc.edu.tw
學校,14528,市立泰山國中,公立,[01]新北市,243,新北市泰山區泰林路二段498號,(02)2296-2519,http://www.ttcjh.ntpc.edu.tw
學校,14529,市立五股國中,公立,[01]新北市,248,新北市五股區成泰路二段49巷15號,(02)22915224,http://www.wkjh.ntpc.edu.tw
學校,14530,市立蘆洲國中,公立,[01]新北市,247,新北市蘆洲區中正路265號,(02)22811571,http://www.lcjh.ntpc.edu.tw
學校,14531,市立林口國中,公立,[01]新北市,244,新北市林口區民治路25號,(02)26011014,http://www.lkjh.ntpc.edu.tw
遊樂園,14533,市立汐止國中,公立,[01]新北市,221,新北市汐止區禮門里大同路二段394號,(02)26412065,http://www.hcjhs.ntpc.edu.tw
遊樂園,14534,市立淡水國中,公立,[01]新北市,251,新北市淡水區文化里真理街10號,(02)26218821,http://www.tsjh.ntpc.edu.tw
遊樂園,14536,市立三芝國中,公立,[01]新北市,252,新北市三芝區淡金路一段38號,(02)26362004,http://www.szjh.ntpc.edu.tw
站台01,14537,市立石門國中,公立,[01]新北市,253,新北市石門區中央路1之9號,(02)26381273,http://www.smjh.ntpc.edu.tw
站台01,14539,市立萬里國中,公立,[01]新北市,207,新北市萬里區獅頭路24號,(02)24922053,http://www.wljhs.ntpc.edu.tw
站台02,14540,市立坪林國中,公立,[01]新北市,232,新北市坪林區國中路4號,(02)26656210,http://www.pljh.ntpc.edu.tw
站台02,14541,市立文山國中,公立,[01]新北市,231,新北市新店區文中路38號,(02)29111672,http://www.wsjh.ntpc.edu.tw
站台02,14542,市立五峰國中,公立,[01]新北市,231,新北市新店區中興路一段253號,(02)29112005,http://www.wfjh.ntpc.edu.tw
社大,14544,市立瑞芳國中,公立,[01]新北市,224,新北市瑞芳區三爪子坑路1號,(02)24972145,http://www.rfjh.ntpc.edu.tw
社大,14545,市立欽賢國中,公立,[01]新北市,224,新北市瑞芳區崙頂路3之1號,(02)24972261,http://www.cejh.ntpc.edu.tw
社大,14546,市立貢寮國中,公立,[01]新北市,228,新北市貢寮區嵩陽街42號,(02)24941941,http://www.kljh.ntpc.edu.tw
社大,14549,市立深坑國中,公立,[01]新北市,222,新北市深坑區文化街41號,(02)26621455,http://www.skjh.ntpc.edu.tw
社大,14550,市立平溪國中,公立,[01]新北市,226,新北市平溪區石底街92號,(02)24951010,http://www.phjh.ntpc.edu.tw
學校,14551,市立烏來國中(小),公立,[01]新北市,233,新北市烏來區啦卡路5號,(02)26616482,http://www.wups.ntpc.edu.tw/default_page.asp
學校,14552,市立溪崑國中,公立,[01]新北市,220,新北市板橋區大觀路三段50巷30號,(02)26869727,http://www.ckjhs.ntpc.edu.tw
學校,14554,市立自強國中,公立,[01]新北市,235,新北市中和區莒光路191號,(02)22259469,http://www.zcjh.ntpc.edu.tw
學校,14555,市立中正國中,公立,[01]新北市,236,新北市土城區金城路二段247號,(02)22628456,http://www.ccjhs.ntpc.edu.tw
遊樂園,14558,市立義學國中,公立,[01]新北市,243,新北市泰山區民生路33號,(02)22961168,http://www.yhjh.ntpc.edu.tw
遊樂園,14559,市立中平國中,公立,[01]新北市,242,新北市新莊區中平路385號,(02)29908092,http://www.cpjh.ntpc.edu.tw
遊樂園,14560,市立鳳鳴國中,公立,[01]新北市,239,新北市鶯歌區永和街33號,(02)26780609,http://www.fmjh.ntpc.edu.tw
站台01,14561,市立三和國中,公立,[01]新北市,241,新北市三重區三和路四段216號,(02)22879890,http://www.shjh.ntpc.edu.tw
站台01,14565,市立尖山國中,公立,[01]新北市,239,新北市鶯歌區國中街1號,(02)26781670,http://www.jsjhs.ntpc.edu.tw
站台02,14566,市立正德國中,公立,[01]新北市,251,新北市淡水區北新路109號,(02)26205136,http://www.jdjh.ntpc.edu.tw
站台02,14567,市立安溪國中,公立,[01]新北市,237,新北市三峽區大同路135號,(02)26717851,http://www.asjh.ntpc.edu.tw
站台02,14569,市立育林國中,公立,[01]新北市,238,新北市樹林區復興路395號,(02)26841160,http://www.yljh.ntpc.edu.tw
社大,14570,市立青山國中(小),公立,[01]新北市,221,新北市汐止區莊敬街33號,(02)26917877,http://www.csjhs.ntpc.edu.tw
社大,14571,市立崇林國中,公立,[01]新北市,244,新北市林口區文化一路一段20號,(02)26095829,http://www.ttcjhs.ntpc.edu.tw
社大,14572,市立二重國中,公立,[01]新北市,241,新北市三重區忠孝路三段89號,(02)29800164,http://www.ecjh.ntpc.edu.tw
社大,14573,市立大觀國中,公立,[01]新北市,220,新北市板橋區僑中一街1號,(02)22725015,http://www.tkjhs.ntpc.edu.tw
社大,14574,市立三多國中,公立,[01]新北市,238,新北市樹林區三多路101號,(02)86881501,http://www.sdjh.ntpc.edu.tw
學校,14575,市立忠孝國中,公立,[01]新北市,220,新北市板橋區成都街30號,(02)29631350,http://www.chjs.ntpc.edu.tw
學校,14576,市立鷺江國中,公立,[01]新北市,247,新北市蘆洲區長樂路235號,(02)82862517,http://www.ljjh.ntpc.edu.tw
學校,14577,市立桃子腳國中(小),公立,[01]新北市,238,新北市樹林區學勤路555號,(02)89703225,http://www.tykjh.ntpc.edu.tw
學校,14578,市立豐珠國中(小),公立,[01]新北市,228,新北市貢寮區美豐里雞母嶺街6之6號,(02)24903727,http://www.fjjh.ntpc.edu.tw
遊樂園,14579,市立佳林國中,公立,[01]新北市,244,新北市林口區中山路268號,(02)26028555,http://www.jljh.ntpc.edu.tw/default.asp
遊樂園,14580,市立達觀國中(小),公立,[01]新北市,231,新北市新店區僑信路1號,(02)22159013,http://www.dgejh.ntpc.edu.tw
遊樂園,313501,市立介壽國中,公立,[31]臺北市,105,臺北市松山區介壽里延壽街401號,(02)27674496,http://www.csjh.tp.edu.tw
站台01,313502,市立民生國中,公立,[31]臺北市,105,臺北市松山區新東里新東街30巷1號,(02)27653433,http://www.msjh.tp.edu.tw
站台01,313504,市立中山國中,公立,[31]臺北市,105,臺北市松山區復興北路361巷7號,(02)27126701,http://www.csjhs.tp.edu.tw
站台02,313505,市立敦化國中,公立,[31]臺北市,105,臺北市松山區南京東路三段300號,(02)87717890,http://www.thjh.tp.edu.tw
站台02,323502,市立興雅國中,公立,[32]臺北市,110,臺北市信義區松德路168巷15號,(02)27232771,http://www.syajh.tp.edu.tw
站台02,323503,市立永吉國中,公立,[32]臺北市,110,臺北市信義區四育里8鄰松隆路161號,(02)27649066,http://www.yjjh.tp.edu.tw
社大,323504,市立?公國中,公立,[32]臺北市,110,臺北市信義區福德街221巷15號,(02)27261481,http://www.lkjh.tp.edu.tw
社大,323505,市立信義國中,公立,[32]臺北市,110,臺北市信義區松仁路158巷1號,(02)27236771,http://www.syijh.tp.edu.tw
社大,331502,私立立人國中(小),私立,[33]臺北市,106,臺北市大安區義榮里安和路二段99號,(02)27381188,http://www.ljjhps.tp.edu.tw
社大,333501,市立仁愛國中,公立,[33]臺北市,106,臺北市大安區敦安里仁愛路4段130號,(02)23255823,http://www.jajh.tp.edu.tw
社大,333502,市立大安國中,公立,[33]臺北市,106,臺北市大安區大安路2段63號,(02)27557131,http://www.tajh.tp.edu.tw
學校,333504,市立芳和實驗國中,公立,[33]臺北市,106,臺北市大安區芳和里臥龍街170號,(02)27321961,http://www.fhjhs.tp.edu.tw
學校,333505,市立金華國中,公立,[33]臺北市,106,臺北市大安區福住里新生南路二段32號,(02)33931799,http://www.chwjh.tp.edu.tw
學校,333506,市立懷生國中,公立,[33]臺北市,106,臺北市大安區忠孝東路三段248巷30號,(02)27215078,http://www.hsjh.tp.edu.tw
學校,333507,市立民族國中,公立,[33]臺北市,106,臺北市大安區羅斯福路四段113巷13號,(02)27322935,http://www.mtjh.tp.edu.tw
遊樂園,333508,市立龍門國中,公立,[33]臺北市,106,臺北市大安區建國南路二段269號,(02)27330299,http://www.lmjh.tp.edu.tw
遊樂園,343502,市立長安國中,公立,[34]臺北市,104,臺北市中山區興亞里松江路70巷11號,(02)25112382,http://www.cajh.tp.edu.tw
遊樂園,343504,市立北安國中,公立,[34]臺北市,104,臺北市中山區劍潭里明水路325號,(02)25333888,http://www.pajh.tp.edu.tw
站台01,343505,市立新興國中,公立,[34]臺北市,104,臺北市中山區聚葉里林森北路511號,(02)25714211,http://www.hhjh.tp.edu.tw/
站台01,343506,市立五常國中,公立,[34]臺北市,104,臺北市中山區下埤里復興北路430巷1號,(02)25014320,http://www.wcjhs.tp.edu.tw
站台02,343507,市立濱江國中,公立,[34]臺北市,104,臺北市中山區樂群二路262號,(02)85020126,http://www.bjjh.tp.edu.tw
站台02,353501,市立螢橋國中,公立,[35]臺北市,100,臺北市中正區林興里汀州路三段4號,(02)23688667,http://www.ycjh.tp.edu.tw
站台02,353502,市立古亭國中,公立,[35]臺北市,100,臺北市中正區中華路二段465號,(02)23090986,http://www.ktjh.tp.edu.tw
社大,353503,市立南門國中,公立,[35]臺北市,100,臺北市中正區南門里廣州街6號,(02)23142775,http://www.nmjh.tp.edu.tw
社大,353504,市立弘道國中,公立,[35]臺北市,100,臺北市中正區公園路21號,(02)23715520,http://www.htjh.tp.edu.tw
社大,353505,市立中正國中,公立,[35]臺北市,100,臺北市中正區新營里愛國東路158號,(02)23916697,http://www.ccjhs.tp.edu.tw
社大,363501,市立建成國中,公立,[36]臺北市,103,臺北市大同區長安西路37之1號,(02)25587042,http://www.jcjh.tp.edu.tw
社大,363502,市立忠孝國中,公立,[36]臺北市,103,臺北市大同區玉泉里西寧北路32號,(02)25524890,http://www.chjh.tp.edu.tw
學校,363504,市立民權國中,公立,[36]臺北市,103,臺北市大同區重慶北路三段1號,(02)25931951,http://www.mqjh.tp.edu.tw
學校,363506,市立蘭州國中,公立,[36]臺北市,103,臺北市大同區至聖里大龍街187巷1號,(02)25918269,http://www.lcjh.tp.edu.tw
學校,363507,市立重慶國中,公立,[36]臺北市,103,臺北市大同區重慶里敦煌路19號,(02)25948631,http://www.cchs.tp.edu.tw
學校,373501,市立萬華國中,公立,[37]臺北市,108,臺北市萬華區日善里西藏路201號,(02)23394567,http://www.whjhs.tp.edu.tw
遊樂園,373503,市立雙園國中,公立,[37]臺北市,108,臺北市萬華區和德里興義街2號,(02)23030827,http://www.syjhs.tp.edu.tw
遊樂園,373505,市立龍山國中,公立,[37]臺北市,108,臺北市萬華區富裕里南寧路46號,(02)23362789,http://www.lsjh.tp.edu.tw
遊樂園,381501,私立靜心國中,私立,[38]臺北市,116,臺北市文山區興福里興隆路二段46號,(02)29323118,http://www.chjhs.tp.edu.tw
站台01,383501,市立木柵國中,公立,[38]臺北市,116,臺北市文山區木柵路三段102巷12號,(02)29393031,http://www.mcjhs.tp.edu.tw
站台01,383502,市立實踐國中,公立,[38]臺北市,116,臺北市文山區樟林里辛亥路七段67號,(02)22362852,http://www.sjjh.tp.edu.tw
站台02,383503,市立北政國中,公立,[38]臺北市,116,臺北市文山區指南里指南路三段2巷14號,(02)29393651,http://www.pcjh.tp.edu.tw
站台02,383504,市立景美國中,公立,[38]臺北市,116,臺北市文山區景華里景中街27號,(02)89353130,http://www.cmjh.tp.edu.tw
站台02,383505,市立興福國中,公立,[38]臺北市,116,臺北市文山區興旺里福興路80號,(02)29322024,http://www.hfjh.tp.edu.tw
社大,383507,市立景興國中,公立,[38]臺北市,116,臺北市文山區景華里景興路46巷2號,(02)29323794,http://www.chhs.tp.edu.tw
社大,393501,市立誠正國中,公立,[39]臺北市,115,臺北市南港區新富里富康街1巷24號,(02)27828094,http://163.21.132.5
社大,393503,市立成德國中,公立,[39]臺北市,115,臺北市南港區成福里東新街108巷23號,(02)26515635,http://www.cdjh.tp.edu.tw
社大,403501,市立內湖國中,公立,[40]臺北市,114,臺北市內湖區紫陽里陽光街1號,(02)27900843,http://www.nhjh.tp.edu.tw
社大,403502,市立麗山國中,公立,[40]臺北市,114,臺北市內湖區內湖路一段629巷42號,(02)27991867,http://www.lsjhs.tp.edu.tw
學校,403503,市立三民國中,公立,[40]臺北市,114,臺北市內湖區湖興里民權東路6段45號,(02)27924772,http://www.smjh.tp.edu.tw
學校,403504,市立西湖國中,公立,[40]臺北市,114,臺北市內湖區西湖里環山路一段27號,(02)27991817,http://www.xhjhs.tp.edu.tw
學校,403505,市立東湖國中,公立,[40]臺北市,114,臺北市內湖區樂康里康樂街131號,(02)26330373,http://www.dhjh.tp.edu.tw
學校,403506,市立明湖國中,公立,[40]臺北市,114,臺北市內湖區葫洲里康寧路三段60號,(02)26320616,http://www.mhjh.tp.edu.tw
遊樂園,413501,市立士林國中,公立,[41]臺北市,111,臺北市士林區福德里中正路345號,(02)88613411,http://www.sljh.tp.edu.tw
遊樂園,413502,市立蘭雅國中,公立,[41]臺北市,111,臺北市士林區三玉里忠誠路二段51號,(02)28329377,http://163.21.26.20/enable01/
遊樂園,413504,市立至善國中,公立,[41]臺北市,111,臺北市士林區臨溪里至善路二段360號,(02)28411350,http://www.jsjh.tp.edu.tw
站台01,413505,市立格致國中,公立,[41]臺北市,111,臺北市士林區陽明里仰德大道四段75號,(02)28610079,http://www.gjjh.tp.edu.tw
站台01,413506,市立福安國中,公立,[41]臺北市,111,臺北市士林區福安里延平北路七段250號,(02)28108766,http://www.fajh.tp.edu.tw
站台02,413508,市立天母國中,公立,[41]臺北市,111,臺北市士林區天和里天母東路120號,(02)28754864,http://www.tmjh.tp.edu.tw
站台02,423501,市立北投國中,公立,[42]臺北市,112,臺北市北投區溫泉里溫泉路62號,(02)28912091,http://www.ptjh.tp.edu.tw
站台02,423502,市立新民國中,公立,[42]臺北市,112,臺北市北投區林泉里新民路10號,(02)28979001,http://www.hmjh.tp.edu.tw
社大,423503,市立明德國中,公立,[42]臺北市,112,臺北市北投區建民里明德路50號,(02)28232539,http://www.mdjh.tp.edu.tw
社大,423504,市立桃源國中,公立,[42]臺北市,112,臺北市北投區一德里中央北路四段48號,(02)28929633,http://www.tyjh.tp.edu.tw
社大,423505,市立石牌國中,公立,[42]臺北市,112,臺北市北投區吉利里石牌路一段139號,(02)28224682,http://www.spjh.tp.edu.tw
社大,423506,市立關渡國中,公立,[42]臺北市,112,臺北市北投區關渡里知行路212號,(02)28581770,http://www.ktjhs.tp.edu.tw
社大,31502,私立有得國中(小),私立,[03]桃園市,320,桃園市中壢區長春一路288號,(03)4522789,https://www.yoderedu.org/
學校,31503,私立康萊爾國中(小),私立,[03]桃園市,330,桃園市桃園區力行路288巷8號,(03)3026889,http://www.cornell.tyc.edu.tw/
學校,34501,市立桃園國中,公立,[03]桃園市,330,桃園市桃園區莒光街2號,(03)3358282,http://www.tyjh.tyc.edu.tw
學校,34502,市立青溪國中,公立,[03]桃園市,330,桃園市桃園區中山東路124號,(03)3392400,http://www.chjh.tyc.edu.tw
學校,34503,市立文昌國中,公立,[03]桃園市,330,桃園市桃園區民生路729號,(03)3552776,http://www.wcjhs.tyc.edu.tw/
遊樂園,34504,市立建國國中,公立,[03]桃園市,330,桃園市桃園區介新街20號,(03)3630081,http://www.ckjhs.tyc.edu.tw
遊樂園,34505,市立中興國中,公立,[03]桃園市,330,桃園市桃園區文中路122號,(03)3601392,http://www.chjhs.tyc.edu.tw
遊樂園,34506,市立南崁國中,公立,[03]桃園市,338,桃園市蘆竹區五福六路1號,(03)3525590,http://www.nkjh.tyc.edu.tw
站台01,34507,市立山腳國中,公立,[03]桃園市,338,桃園市蘆竹區海山路319號,(03)3241995,http://www.sjjh.tyc.edu.tw
站台01,34508,市立大竹國中,公立,[03]桃園市,338,桃園市蘆竹區大竹里四鄰國中巷35號,(03)3232764,http://www.dcjh.tyc.edu.tw
站台02,34509,市立大園國中,公立,[03]桃園市,337,桃園市大園區園科路400號,(03)3862029,http://163.30.71.1
站台02,34510,市立竹圍國中,公立,[03]桃園市,337,桃園市大園區海港路2巷87號,(03)3835026,http://www.cwjh.tyc.edu.tw
站台02,34511,市立大溪國中,公立,[03]桃園市,335,桃園市大溪區民權東路210號,(03)3882024,http://www.dsjh.tyc.edu.tw
社大,34513,市立仁和國中,公立,[03]桃園市,335,桃園市大溪區仁和里仁和七街55號,(03)3906626,http://www.jhjhs.tyc.edu.tw
社大,34515,市立大崗國中,公立,[03]桃園市,333,桃園市龜山區文化里文化二路168號,(03)3280888,http://www.dgjh.tyc.edu.tw
社大,34516,市立八德國中,公立,[03]桃園市,334,桃園市八德區興豐路321號,(03)3685322,http://www.ptjh.tyc.edu.tw
社大,34517,市立大成國中,公立,[03]桃園市,334,桃園市八德區大勇里忠勇街12號,(03)3625633,http://www.tcjhs.tyc.edu.tw
社大,34518,市立中壢國中,公立,[03]桃園市,324,桃園市平鎮區延平路一段115號,(03)4223214,http://www.cljhs.tyc.edu.tw
學校,34520,市立平南國中,公立,[03]桃園市,324,桃園市平鎮區中豐路南勢二段340號,(03)4392164,http://www.pnjh.tyc.edu.tw/
學校,34521,市立新明國中,公立,[03]桃園市,320,桃園市中壢區中正路487巷18號,(03)4936194,http://www.hmjh.tyc.edu.tw
學校,34522,市立內壢國中,公立,[03]桃園市,320,桃園市中壢區復華里復華一街108號,(03)4522494,http://www.nljh.tyc.edu.tw
學校,34523,市立大崙國中,公立,[03]桃園市,320,桃園市中壢區月眉路一段50號,(03)4982840,http://www.dljh.tyc.edu.tw
遊樂園,34524,市立龍岡國中,公立,[03]桃園市,320,桃園市中壢區龍東路147號,(03)4562137,http://www.lkjh.tyc.edu.tw
遊樂園,34525,市立興南國中,公立,[03]桃園市,320,桃園市中壢區育英路55號,(03)4629991,http://www.hnjh.tyc.edu.tw/
遊樂園,34526,市立自強國中,公立,[03]桃園市,320,桃園市中壢區榮民路80號,(03)4553494,http://www.tcjh.tyc.edu.tw
站台01,34527,市立東興國中,公立,[03]桃園市,320,桃園市中壢區廣州路25號,(03)34583500,http://www.dsjhs.tyc.edu.tw
站台01,34528,市立楊梅國中,公立,[03]桃園市,326,桃園市楊梅區校前路149號,(03)4782024,http://www.ymjhs.tyc.edu.tw
站台02,34529,市立仁美國中,公立,[03]桃園市,326,桃園市楊梅區高榮里梅獅路539巷1號,(03)4641123,http://www.zmjhs.tyc.edu.tw
站台02,34530,市立富岡國中,公立,[03]桃園市,326,桃園市楊梅區豐野里中正路456號,(03)4721113,http://www.fkjh.tyc.edu.tw
站台02,34531,市立瑞原國中,公立,[03]桃園市,326,桃園市楊梅區民豐路69號,(03)4782242#11,http://www.ryjh.tyc.edu.tw
社大,34533,市立觀音國中,公立,[03]桃園市,328,桃園市觀音區白玉里下庄子53之1號,(03)4732034,http://www.gijh.tyc.edu.tw
社大,34534,市立草漯國中,公立,[03]桃園市,328,桃園市觀音區草漯里28鄰四維路73號,(03)4830146#71,http://www.ttjh.tyc.edu.tw
社大,34536,市立大坡國中,公立,[03]桃園市,327,桃園市新屋區民有二路二段100號,(03)4768350,http://www.dpjhs.tyc.edu.tw
社大,34537,市立永安國中,公立,[03]桃園市,327,桃園市新屋區中山西路三段96號,(03)4862507,http://www.yajh.tyc.edu.tw
社大,34538,市立龍潭國中,公立,[03]桃園市,325,桃園市龍潭區中正里龍華路460號,(03)4792075,http://www.ltjhs.tyc.edu.tw
學校,34539,市立凌雲國中,公立,[03]桃園市,325,桃園市龍潭區中豐路上林段418號,(03)4792604,http://www.lyjh.tyc.edu.tw
學校,34540,市立石門國中,公立,[03]桃園市,325,桃園市龍潭區佳安里文化路137號,(03)4713610,http://www.smjh.tyc.edu.tw
學校,34541,市立介壽國中,公立,[03]桃園市,336,桃園市復興區澤仁里中正路248號,(03)3822315,http://www.jsjh.tyc.edu.tw
學校,34542,市立慈文國中,公立,[03]桃園市,330,桃園市桃園區中正路835號,(03)3269340,http://www.twjh.tyc.edu.tw
遊樂園,34543,市立平興國中,公立,[03]桃園市,324,桃園市平鎮區環南路300號,(03)4918239,http://www.psjh.tyc.edu.tw
遊樂園,34544,市立楊明國中,公立,[03]桃園市,326,桃園市楊梅區新農街337號,(03)4781525,http://www.ymjh.tyc.edu.tw
遊樂園,34545,市立龍興國中,公立,[03]桃園市,320,桃園市中壢區龍勇路100號,(03)4575200,http://www.lsjh.tyc.edu.tw
站台01,34546,市立福豐國中,公立,[03]桃園市,330,桃園市桃園區延平路326號,(03)3669547,http://www.ffjh.tyc.edu.tw
站台01,34549,市立東安國中,公立,[03]桃園市,324,桃園市平鎮區平東路168號,(03)4601407,http://www.tajh.tyc.edu.tw
站台02,34550,市立光明國中,公立,[03]桃園市,338,桃園市蘆竹區光明路一段123號,(03)3114355,http://www.gmjh.tyc.edu.tw
站台02,34551,市立同德國中,公立,[03]桃園市,330,桃園市桃園區南平路487號,(03)2628955,http://www.tdjhs.tyc.edu.tw
站台02,34552,市立幸福國中,公立,[03]桃園市,333,桃園市龜山區中興路100巷20號,(03)3298992,http://www.hfjh.tyc.edu.tw
社大,34554,市立大有國中,公立,[03]桃園市,330,桃園市桃園區大有路215號,(03)2613298,http://www.dyjhs.tyc.edu.tw
社大,34555,市立龜山國中,公立,[03]桃園市,333,桃園市龜山區自強西路66號,(03)3205681,http://www.gsjh.tyc.edu.tw
社大,34556,市立會稽國中,公立,[03]桃園市,330,桃園市桃園區大興路222號,(03)3551496,http://www.kjjhs.tyc.edu.tw
社大,34557,市立楊光國中(小),公立,[03]桃園市,326,桃園市楊梅區瑞溪路1一段88號,(03)4827987,http://www.ygjps.tyc.edu.tw
社大,34559,市立迴龍國中(小),公立,[03]桃園市,333,桃園市龜山區萬壽路一段168號,(02)82096088,http://www.hles.tyc.edu.tw
學校,34560,市立平鎮國中,公立,[03]桃園市,324,桃園市平鎮區新富里振興路2號,(03)4572150,http://163.30.122.141/homepjjh/modules/tadnews/#A
學校,34561,市立武漢國中,公立,[03]桃園市,325,桃園市龍潭區武中路227號,(03)4092810,http://www.whjhs.tyc.edu.tw
學校,34562,市立經國國中,公立,[03]桃園市,330,桃園市桃園區經國路276號,(03)3572699,http://www.jgjhs.tyc.edu.tw/web/
學校,34563,市立過嶺國中,公立,[03]桃園市,320,桃園市中壢區松智路2號,(03)4200026,http://www.gljh.tyc.edu.tw
遊樂園,34564,市立瑞坪國中,公立,[03]桃園市,326,桃園市楊梅區瑞坪里14鄰文化街535號,(03)4821468,http://www.rpjhs.tyc.edu.tw
遊樂園,34565,市立青埔國中,公立,[03]桃園市,320,桃園市中壢區領航北路二段281號,(03)2871886,http://www.qpjh.tyc.edu.tw
遊樂園,63501,市立善水國中(小),公立,[06]臺中市,435,臺中市梧棲區梧南路50號,(04)26396160,https://sites.google.com/tc.edu.tw/ssjhs/%E9%A6%96%E9%A0%81
站台01,64501,市立豐原國中,公立,[06]臺中市,420,臺中市豐原區三豐路一段321號,(04)25251200,http://www.fyjh.tc.edu.tw
站台01,64502,市立豐東國中,公立,[06]臺中市,420,臺中市豐原區豐東路75號,(04)25221743,http://www.ftjh.tc.edu.tw
站台02,64503,市立豐南國中,公立,[06]臺中市,420,臺中市豐原區豐南街151號,(04)25280185,http://www.fnjh.tc.edu.tw
站台02,64504,市立潭子國中,公立,[06]臺中市,427,臺中市潭子區潭興路二段419巷1號,(04)25376192,http://www.ttjhs.tc.edu.tw
站台02,64505,市立大雅國中,公立,[06]臺中市,428,臺中市大雅區學府路280號,(04)25672171,http://www.tyjh.tc.edu.tw
社大,64506,市立神岡國中,公立,[06]臺中市,429,臺中市神岡區社南里中山路627號,(04)25623421,http://www.skjhs.tc.edu.tw
社大,64507,市立后里國中,公立,[06]臺中市,421,臺中市后里區眉山里第三鄰中眉路169號,(04)25562409,http://www.hljh.tc.edu.tw
社大,64509,市立外埔國中,公立,[06]臺中市,438,臺中市外埔區大同里外埔路999號,(04)26833721,http://www.wpjh.tc.edu.tw
社大,64510,市立大甲國中,公立,[06]臺中市,437,臺中市大甲區育英路186號,(04)26872564,http://www.tjjh.tc.edu.tw
社大,64511,市立日南國中,公立,[06]臺中市,437,臺中市大甲區中山路二段69之11號,(04)26813721,http://www.jnjh.tc.edu.tw
學校,64512,市立大安國中,公立,[06]臺中市,439,臺中市大安區松雅里大安港路691號,(04)26872571,http://www.tajh.tc.edu.tw
學校,64513,市立清水國中,公立,[06]臺中市,436,臺中市清水區鰲峰路250號,(04)26262042,http://www.csjh.tc.edu.tw
學校,64514,市立清泉國中,公立,[06]臺中市,436,臺中市清水區菁埔里臨海路27之2號,(04)26113134,http://www.ccjh.tc.edu.tw
學校,64515,市立沙鹿國中,公立,[06]臺中市,433,臺中市沙鹿區中正街1號,(04)26622163,http://www.sljh.tc.edu.tw
遊樂園,64516,市立梧棲國中,公立,[06]臺中市,435,臺中市梧棲區文化里民生街12號,(04)26562850,http://www.wcjs.tc.edu.tw
遊樂園,64517,市立龍井國中,公立,[06]臺中市,434,臺中市龍井區觀光路9號,(04)26353344,http://www.lcjh.tc.edu.tw
遊樂園,64518,市立四箴國中,公立,[06]臺中市,434,臺中市龍井區新庄里中沙路2號,(04)26314606,http://www.scjh.tc.edu.tw
站台01,64519,市立大道國中,公立,[06]臺中市,432,臺中市大肚區仁德路60號,(04)26992028,http://www.ddjhs.tc.edu.tw/indexnew.htm
站台01,64520,市立烏日國中,公立,[06]臺中市,414,臺中市烏日區新興路457號,(04)23381009,http://www.wjjh.tc.edu.tw
站台02,64521,市立溪南國中,公立,[06]臺中市,414,臺中市烏日區溪南路一段731號,(04)23353959,http://www.snjh.tc.edu.tw
站台02,64522,市立霧峰國中,公立,[06]臺中市,413,臺中市霧峰區國中路110號,(04)23393175,http://www.wfjh.tc.edu.tw
站台02,64523,市立光復國中(小),公立,[06]臺中市,413,臺中市霧峰區南柳里柳豐路535號,(04)23393141,http://www.kfjh.tc.edu.tw
社大,64525,市立太平國中,公立,[06]臺中市,411,臺中市太平區中山路二段116號,(04)23922540,http://www.tpjh.tc.edu.tw
社大,64526,市立中平國中,公立,[06]臺中市,411,臺中市太平區中平里太平路300號,(04)22767416,http://www.cpjh.tc.edu.tw
社大,64527,市立石岡國中,公立,[06]臺中市,422,臺中市石岡區梅子里豐勢路國中巷1號,(04)25814191,http://www.sgjhs.tc.edu.tw/xoops/index.php
社大,64529,市立東勢國中,公立,[06]臺中市,423,臺中市東勢區東崎路五段415號,(04)25873843,http://www.tsjs.tc.edu.tw/
社大,64530,市立東華國中,公立,[06]臺中市,423,臺中市東勢區東關路五段500號,(04)25853219,http://www.thjh.tc.edu.tw
學校,64531,市立東新國中,公立,[06]臺中市,423,臺中市東勢區東新里5鄰東環街123號,(04)25872684,http://www.tsihs.tc.edu.tw
學校,64532,市立成功國中,公立,[06]臺中市,412,臺中市大里區至善路157號,(04)24927226,http://www.ckjh.tc.edu.tw
學校,64533,市立和平國中,公立,[06]臺中市,424,臺中市和平區東關路三段崑崙巷62號,(04)25941512,http://www.hpjh.tc.edu.tw
學校,64534,市立北勢國中,公立,[06]臺中市,433,臺中市沙鹿區英才路150號,(04)26322236,http://www.bsjh.tc.edu.tw
遊樂園,64535,市立鹿寮國中,公立,[06]臺中市,433,臺中市沙鹿區光華路385號,(04)26622207,http://www.lljh.tc.edu.tw
遊樂園,64537,市立光榮國中,公立,[06]臺中市,412,臺中市大里區東榮路280號,(04)24831428,http://www.krjh.tc.edu.tw
遊樂園,64538,市立潭秀國中,公立,[06]臺中市,427,臺中市潭子區雅潭路一段175號,(04)25343542,http://www.tsjhs.tc.edu.tw/
站台01,64539,市立順天國中,公立,[06]臺中市,437,臺中市大甲區大安港路67號,(04)26864263,http://www.stjh.tc.edu.tw
站台01,64540,市立清海國中,公立,[06]臺中市,436,臺中市清水區中央路51之60號,(04)26271902,http://www.chjh.tc.edu.tw
站台02,64541,市立大華國中,公立,[06]臺中市,428,臺中市大雅區雅環路一段2號,(04)25688251,http://www.dhjh.tc.edu.tw
站台02,64543,市立新光國中,公立,[06]臺中市,411,臺中市太平區樹德九街 139 號,(04)23957597,http://www.skjh.tc.edu.tw
站台02,64544,市立光正國中,公立,[06]臺中市,412,臺中市大里區鳳凰路68號,(04)24911599,http://www.gjjh.tc.edu.tw
社大,64545,市立豐陽國中,公立,[06]臺中市,420,臺中市豐原區朝陽路33號,(04)25203470,https://sites.google.com/a/fyjhs.tc.edu.tw/fengyang/
社大,64546,市立光德國中,公立,[06]臺中市,414,臺中市烏日區信義街99號,(04)23389802,http://www.gdjh.tc.edu.tw
社大,64547,市立立新國中,公立,[06]臺中市,412,臺中市大里區甲堤路236號,(04)22732299,http://www.lsjh.tc.edu.tw
社大,64548,市立爽文國中,公立,[06]臺中市,412,臺中市大里區永隆三街1號,(04)24067545,http://www.swjh.tc.edu.tw
社大,64549,市立公明國中,公立,[06]臺中市,433,臺中市沙鹿區公明里中清路六段567號,(04)26154262,http://www.gmjh.tc.edu.tw/
學校,64551,市立神圳國中,公立,[06]臺中市,429,臺中市神岡區神清路61號,(04)25624669,http://www.szjh.tc.edu.tw
學校,64552,市立梨山國中(小),公立,[06]臺中市,424,臺中市和平區梨山里福壽路10號,(04)25981510,http://www.lses.tc.edu.tw
學校,191503,私立麗?國中(小),私立,[19]臺中市,407,臺中市西屯區國安二路242巷199號,(04)24613099,http://www.litze.tc.edu.tw/
學校,193501,市立居仁國中,公立,[19]臺中市,403,臺中市西區自由路一段97號,(04)22223620,http://www.cjjh.tc.edu.tw
遊樂園,193502,市立雙十國中,公立,[19]臺中市,404,臺中市北區力行路258號,(04)22334445,http://www.ssjh.tc.edu.tw
遊樂園,193504,市立崇倫國中,公立,[19]臺中市,402,臺中市南區忠明南路653號,(04)23712324,http://www.cljh.tc.edu.tw
遊樂園,193505,市立大德國中,公立,[19]臺中市,406,臺中市北屯區雷中街2之23號,(04)22916984,http://www.ttjh.tc.edu.tw
站台01,193506,市立北新國中,公立,[19]臺中市,406,臺中市北屯區柳楊東街180號,(04)22449374,http://www.phjh.tc.edu.tw
站台01,193507,市立東峰國中,公立,[19]臺中市,401,臺中市東區仁和路330號,(04)22825133,http://www.tfjh.tc.edu.tw
站台02,193508,市立黎明國中,公立,[19]臺中市,408,臺中市南屯區三義里一鄰干城街88號,(04)22510983,http://www.lmjh.tc.edu.tw
站台02,193509,市立光明國中,公立,[19]臺中市,403,臺中市西區自由路一段75號,(04)23756287,http://www.kmjh.tc.edu.tw/
站台02,193510,市立向上國中,公立,[19]臺中市,403,臺中市西區美村路一段389號,(04)23726085,http://www.hsjh.tc.edu.tw
社大,193511,市立育英國中,公立,[19]臺中市,401,臺中市東區育英路30號,(04)22115313,http://www.yejh.tc.edu.tw
社大,193512,市立四育國中,公立,[19]臺中市,402,臺中市南區復興路二段152號,(04)22633229,http://www.syjhs.tc.edu.tw
社大,193514,市立五權國中,公立,[19]臺中市,404,臺中市北區英才路1號,(04)22012180,http://www.wcjh.tc.edu.tw
社大,193516,市立中山國中,公立,[19]臺中市,407,臺中市西屯區寧夏路179號,(04)23132003,http://www.csjhs.tc.edu.tw
社大,193517,市立崇德國中,公立,[19]臺中市,406,臺中市北屯區崇德路二段227號,(04)22454081,http://www.ctjh.tc.edu.tw
學校,193518,市立立人國中,公立,[19]臺中市,404,臺中市北區北平路一段62號,(04)22963999,http://www.ljjh.tc.edu.tw
學校,193519,市立漢口國中,公立,[19]臺中市,407,臺中市西屯區漢口路一段54之1號,(04)23130511,http://www.hkjh.tc.edu.tw
學校,193520,市立安和國中,公立,[19]臺中市,407,臺中市西屯區天助街1號,(04)23589779,http://www.ahjh.tc.edu.tw
學校,193521,市立至善國中,公立,[19]臺中市,407,臺中市西屯區青海路二段308號,(04)27057587,http://www.csjh.tc.edu.tw
遊樂園,193522,市立萬和國中,公立,[19]臺中市,408,臺中市南屯區永春東路885號,(04)23817264,http://www.whjh.tc.edu.tw
遊樂園,193523,市立大業國中,公立,[19]臺中市,408,臺中市南屯區大業路100號,(04)23279458,http://www.dyjh.tc.edu.tw
遊樂園,193524,市立三光國中,公立,[19]臺中市,406,臺中市北屯區三光一街77號,(04)22313699,http://www.sgjh.tc.edu.tw
站台01,193525,市立四張犁國中,公立,[19]臺中市,406,臺中市北屯區同榮里后庄路699號,(04)24210380,http://www.scljh.tc.edu.tw
站台01,193526,市立福科國中,公立,[19]臺中市,407,臺中市西屯區福林路333號,(04)24618112,http://www.fcjh.tc.edu.tw
站台02,193527,市立大墩國中,公立,[19]臺中市,408,臺中市南屯區惠中路三段98號,(04)23826178#712,http://www.ddjh.tc.edu.tw
站台02,111502,私立昭明國中,私立,[11]臺南市,724,臺南市七股區大埕里315號,(06)7872053,http://jmjh.tn.edu.tw/
站台02,114501,市立仁德國中,公立,[11]臺南市,717,臺南市仁德區民安路一段363號,(06)2682724,http://s2.rdjh.tn.edu.tw/xoops/index.php
社大,114502,市立仁德文賢國中,公立,[11]臺南市,717,臺南市仁德區保安里中正路一段185號,(06)2662392,http://163.26.153.1/xoops2/
社大,114503,市立歸仁國中,公立,[11]臺南市,711,臺南市歸仁區文化里文化街二段2號,(06)2301873,http://www.grjh.tn.edu.tw/index.php
社大,114504,市立關廟國中,公立,[11]臺南市,718,臺南市關廟區中山路二段172號,(06)5951181,http://gmjh.tn.edu.tw
社大,114505,市立永康國中,公立,[11]臺南市,710,臺南市永康區中山路43號,(06)2015247,http://www.ykjh.tn.edu.tw
社大,114508,市立龍崎國中,公立,[11]臺南市,719,臺南市龍崎區新市子258號,(06)5941475,http://www.lcjh.tn.edu.tw/
學校,114509,市立新化國中,公立,[11]臺南市,712,臺南市新化區中興路722號,(06)5902269,http://xoops2.shjhs.tn.edu.tw/
學校,114510,市立善化國中,公立,[11]臺南市,741,臺南市善化區溪美里656號,(06)5817043,http://www.shjh.tn.edu.tw/
學校,114511,市立玉井國中,公立,[11]臺南市,714,臺南市玉井區大成路152號,(06)5742214,http://www.yjjh.tn.edu.tw
學校,114512,市立山上國中,公立,[11]臺南市,743,臺南市山上區山上里130號,(06)7021578,http://www.ssjh.tn.edu.tw/
遊樂園,114513,市立安定國中,公立,[11]臺南市,745,臺南市安定區安加里262之1號,(06)5922003,http://www.adjh.tn.edu.tw
遊樂園,114514,市立楠西國中,公立,[11]臺南市,715,臺南市楠西區中興路107號,(06)5751712,http://www.nsjhs.tn.edu.tw/
遊樂園,114515,市立新市國中,公立,[11]臺南市,744,臺南市新市區民族路76號,(06)5991420,http://www.ssjhs.tn.edu.tw/
站台01,114516,市立南化國中,公立,[11]臺南市,716,臺南市南化區南化里227號,(06)5771105,http://www.nhjh.tn.edu.tw
站台01,114517,市立左鎮國中,公立,[11]臺南市,713,臺南市左鎮區中正里170號,(06)5731015,http://www.tjjh.tn.edu.tw
站台02,114518,市立麻豆國中,公立,[11]臺南市,721,臺南市麻豆區南勢里36號,(06)5722128,http://www.mdjh.tn.edu.tw
站台02,114519,市立下營國中,公立,[11]臺南市,735,臺南市下營區中山路一段412號,(06)6891105,http://163.26.159.6/wordpress/
站台02,114520,市立六甲國中,公立,[11]臺南市,734,臺南市六甲區民權街43號,(06)6982040,http://www.ljjh.tn.edu.tw
社大,114521,市立官田國中,公立,[11]臺南市,720,臺南市官田區隆田里三民路29號,(06)5791371,http://www.gtjh.tn.edu.tw
社大,114522,市立大內國中,公立,[11]臺南市,742,臺南市大內區內江里319之1號,(06)5761010,http://www.dnjh.tn.edu.tw
社大,114523,市立佳里國中,公立,[11]臺南市,722,臺南市佳里區安南路523號,(06)7222244,http://web.jljh.tn.edu.tw/wwwxoops2/
社大,114524,市立佳興國中,公立,[11]臺南市,722,臺南市佳里區民安里新宅34之1號,(06)7260291,http://www.jsjh.tn.edu.tw
社大,114525,市立學甲國中,公立,[11]臺南市,726,臺南市學甲區華宗路540號,(06)7832128,http://www.sjjh.tn.edu.tw
學校,114526,市立西港國中,公立,[11]臺南市,723,臺南市西港區文化路41號,(06)7952071　 ,http://www.sgjh.tn.edu.tw
學校,114527,市立將軍國中,公立,[11]臺南市,725,臺南市將軍區忠嘉里昌平1之1號,(06)7942042,http://www.jjjh.tn.edu.tw
學校,114528,市立後港國中,公立,[11]臺南市,724,臺南市七股區大潭里頂潭93號,(06)7941357,http://www.hgjh.tn.edu.tw
學校,114529,市立竹橋國中,公立,[11]臺南市,724,臺南市七股區義合里74之2號,(06)7891733,http://www.jcjhs.tn.edu.tw
遊樂園,114530,市立北門國中,公立,[11]臺南市,727,臺南市北門區永華里1之1號,(06)7862014,http://www.bmjh.tn.edu.tw
遊樂園,114531,市立南新國中,公立,[11]臺南市,730,臺南市新營區民治路65號,(06)6563129,http://www.nsjh.tn.edu.tw/
遊樂園,114532,市立太子國中,公立,[11]臺南市,730,臺南市新營區太北里140之21號,(06)6524762,http://www.ttjh.tn.edu.tw
站台01,114533,市立新東國中,公立,[11]臺南市,730,臺南市新營區民治東路30號,(06)6322954,http://www.sdjh.tn.edu.tw
站台01,114534,市立鹽水國中,公立,[11]臺南市,737,臺南市鹽水區三福路63號,(06)6521146,http://www.ysjh.tn.edu.tw
站台02,114535,市立白河國中,公立,[11]臺南市,732,臺南市白河區昇安里三間厝220號,(06)6852067,http://www.bhjh.tn.edu.tw
站台02,114536,市立柳營國中,公立,[11]臺南市,736,臺南市柳營區東昇里中山東路二段956號,(06)6223209,http://www.lyjh.tn.edu.tw
站台02,114537,市立東山國中,公立,[11]臺南市,733,臺南市東山區東中里青葉路一段132號,(06)6802175,http://www.dsjh.tn.edu.tw
社大,114538,市立東原國中,公立,[11]臺南市,733,臺南市東山區東原里瓦厝70號,(06)6861009,http://www.dyjh.tn.edu.tw
社大,114539,市立後壁國中,公立,[11]臺南市,731,臺南市後壁區嘉苳里124之20號,(06)6871974,http://www.hbjh.tn.edu.tw
社大,114540,市立菁寮國中,公立,[11]臺南市,731,臺南市後壁區長短樹里8鄰長短樹8之3號,(06)6621974,http://www.jljhs.tn.edu.tw/
社大,114543,市立大橋國中,公立,[11]臺南市,710,臺南市永康區東橋十街1號,(06)3021793,http://www.dcjh.tn.edu.tw
社大,114544,市立沙崙國中,公立,[11]臺南市,711,臺南市歸仁區武東里歸仁六路2號,(06)3032062,http://sljh.tn.edu.tw
學校,213501,市立後甲國中,公立,[21]臺南市,701,臺南市東區林森路二段260號,(06)2388118,http://www.hcjh.tn.edu.tw
學校,213502,市立忠孝國中,公立,[21]臺南市,701,臺南市東區崇善路151號,(06)2670495,http://www.chjh.tn.edu.tw
學校,213504,市立大成國中,公立,[21]臺南市,702,臺南市南區西門路一段306號,(06)2630011,http://www.tcjhs.tn.edu.tw
學校,213505,市立金城國中,公立,[21]臺南市,708,臺南市安平區怡平路8號,(06)2975816,http://www.jcjh.tn.edu.tw
遊樂園,213506,市立民德國中,公立,[21]臺南市,704,臺南市北區西門路三段223號,(06)2223014,http://www.mtjh.tn.edu.tw
遊樂園,213507,市立成功國中,公立,[21]臺南市,704,臺南市北區和緯路一段2號,(06)2517906,http://www.ckjh.tn.edu.tw
遊樂園,213508,市立延平國中,公立,[21]臺南市,704,臺南市北區公園路750號,(06)2514720,http://www.ypjh.tn.edu.tw
站台01,213509,市立建興國中,公立,[21]臺南市,700,臺南市中西區府前路一段239號,(06)2139601,http://ww2.csjh.tn.edu.tw/xoops/
站台01,213510,市立中山國中,公立,[21]臺南市,700,臺南市中西區南寧街45號,(06)2134792,http://www.csjhs.tn.edu.tw
站台02,213511,市立安平國中,公立,[21]臺南市,708,臺南市安平區慶平路687號,(06)2990461,http://www.apjh.tn.edu.tw
站台02,213512,市立安南國中,公立,[21]臺南市,709,臺南市安南區安中路三段252號,(06)2567384,http://www.anjh.tn.edu.tw
站台02,213513,市立安順國中,公立,[21]臺南市,709,臺南市安南區安和路三段227號,(06)3559652,http://www.asjh.tn.edu.tw
社大,213514,市立復興國中,公立,[21]臺南市,701,臺南市東區裕文路62號,(06)3310688,http://www.fhjh.tn.edu.tw
社大,213515,市立新興國中,公立,[21]臺南市,702,臺南市南區新孝路87號,(06)2633171,http://www.hhjh.tn.edu.tw
社大,213517,市立文賢國中,公立,[21]臺南市,704,臺南市北區文賢一路2號,(06)2587571,http://www.whjh.tn.edu.tw
社大,213518,市立崇明國中,公立,[21]臺南市,701,臺南市東區崇明路700號,(06)2907261,http://www.cmjh.tn.edu.tw
社大,213519,市立和順國中,公立,[21]臺南市,709,臺南市安南區安和路五段84巷66號,(06)3551440,http://www.hsjh.tn.edu.tw
學校,213520,市立海佃國中,公立,[21]臺南市,709,臺南市安南區安富街166號,(06)3507486,http://www.hdjh.tn.edu.tw
學校,121502,私立光禾華德福實驗學校(國中),私立,[12]高雄市,830,高雄市鳳山區中崙四路25號,(07)7531735,http://waldorf-tw-kh.weebly.com/
學校,124501,市立鳳山國中,公立,[12]高雄市,830,高雄市鳳山區中山東路227號,(07)7462774,http://www.fsm.ks.edu.tw
學校,124503,市立鳳西國中,公立,[12]高雄市,830,高雄市鳳山區興中里光華路69號,(07)7463452,http://www.fxm.ks.edu.tw
遊樂園,124504,市立五甲國中,公立,[12]高雄市,830,高雄市鳳山區龍成路111號,(07)8215239,http://www.wzm.ks.edu.tw
遊樂園,124505,市立鳳甲國中,公立,[12]高雄市,830,高雄市鳳山區輜汽路300號,(07)7675300,http://www.fjm.ks.edu.tw
遊樂園,124506,市立忠孝國中,公立,[12]高雄市,830,高雄市鳳山區國泰路二段81號,(07)7635252,http://www.zxm.ks.edu.tw
站台01,124507,市立大寮國中,公立,[12]高雄市,831,高雄市大寮區永芳里進學路150號,(07)7818038,http://www.dlm.ks.edu.tw
站台01,124508,市立潮寮國中,公立,[12]高雄市,831,高雄市大寮區潮寮里潮寮路51之9號,(07)7879544#10,http://www.tlm.ks.edu.tw
站台02,124509,市立大樹國中,公立,[12]高雄市,840,高雄市大樹區九曲里九曲路500號,(07)6512026,http://www.dsm.ks.edu.tw
站台02,124510,市立溪埔國中,公立,[12]高雄市,840,高雄市大樹區溪埔路1號,(07)6561335,http://www.xpm.ks.edu.tw
站台02,124512,市立鳥松國中,公立,[12]高雄市,833,高雄市鳥松區松埔北巷5之1號,(07)7323977,http://www.nsm.ks.edu.tw
社大,124514,市立大社國中,公立,[12]高雄市,815,高雄市大社區神農里翠屏路100號,(07)3530100,http://www.dam.ks.edu.tw
社大,124515,市立岡山國中,公立,[12]高雄市,820,高雄市岡山區岡燕路238號,(07)6212219,http://www.gsm.ks.edu.tw
社大,124516,市立前峰國中,公立,[12]高雄市,820,高雄市岡山區樹人路1號,(07)6266171,http://www.qfm.ks.edu.tw
社大,124517,市立永安國中,公立,[12]高雄市,828,高雄市永安區保興一路3號,(07)6912064,http://www.yam.ks.edu.tw
社大,124518,市立橋頭國中,公立,[12]高雄市,825,高雄市橋頭區新興路70號,(07)6113559,http://www.qtm.ks.edu.tw
學校,124519,市立梓官國中,公立,[12]高雄市,826,高雄市梓官區中學路71號,(07)6172854,http://www.zgm.ks.edu.tw
學校,124520,市立燕巢國中,公立,[12]高雄市,824,高雄市燕巢區中興路267號,(07)6161267,http://www.ycm.ks.edu.tw
學校,124521,市立阿蓮國中,公立,[12]高雄市,822,高雄市阿蓮區民生路178號,(07)6312045,http://www.alm.ks.edu.tw
學校,124523,市立湖內國中,公立,[12]高雄市,829,高雄市湖內區公?里中山路二段63號,(07)6993008,http://www.hn.ks.edu.tw
遊樂園,124524,市立茄萣國中,公立,[12]高雄市,852,高雄市茄萣區白雲里濱海路四段29號,(07)6900054,http://www.qdm.ks.edu.tw
遊樂園,124525,市立田寮國中,公立,[12]高雄市,823,高雄市田寮區南安里崗安路48號,(07)6361687,http://www.tia.ks.edu.tw
遊樂園,124526,市立彌陀國中,公立,[12]高雄市,827,高雄市彌陀區海尾里進學路136號,(07)6178424,http://www.mtm.ks.edu.tw
站台01,124527,市立旗山國中,公立,[12]高雄市,842,高雄市旗山區大德里中學路42號,(07)6612103,http://www.csj.ks.edu.tw
站台01,124528,市立圓富國中,公立,[12]高雄市,842,高雄市旗山區圓富里旗甲路2段609號,(07)6691004,http://www.yfm.ks.edu.tw
站台02,124529,市立大洲國中,公立,[12]高雄市,842,高雄市旗山區新光里新南巷5號,(07)6661378,http://www.dz.ks.edu.tw
站台02,124530,市立美濃國中,公立,[12]高雄市,843,高雄市美濃區合和里中正路一段191號,(07)6816166,http://www.mnm.ks.edu.tw
站台02,124531,市立南隆國中,公立,[12]高雄市,843,高雄市美濃區南中街3號,(07)6831154,http://www.nl.ks.edu.tw
社大,124532,市立龍肚國中,公立,[12]高雄市,843,高雄市美濃區龍山里中華路68號,(07)6851314,http://www.ldm.ks.edu.tw
社大,124534,市立寶來國中,公立,[12]高雄市,844,高雄市六龜區寶來里中正路137號,(07)6881258,http://www.blm.ks.edu.tw
社大,124535,市立杉林國中,公立,[12]高雄市,846,高雄市杉林區月眉里清水路6號,(07)6771108,http://www.slm.ks.edu.tw
社大,124536,市立內門國中,公立,[12]高雄市,845,高雄市內門區中正路160巷30號,(07)6671002,http://www.nmm.ks.edu.tw
社大,124537,市立甲仙國中,公立,[12]高雄市,847,高雄市甲仙區東安里文化南路6號,(07)6751018,http://www.jxm.ks.edu.tw
學校,124538,市立中芸國中,公立,[12]高雄市,832,高雄市林園區中芸里中芸路3之100號,(07)6425223,http://www.zym.ks.edu.tw
學校,124539,市立中庄國中,公立,[12]高雄市,831,高雄市大寮區中庄里光明路三段1437號,(07)7033166,http://www.zzm.ks.edu.tw
學校,124541,市立蚵寮國中,公立,[12]高雄市,826,高雄市梓官區智蚵里中正二街60號,(07)6175389,http://www.klm.ks.edu.tw
學校,124542,市立那瑪夏國中,公立,[12]高雄市,849,高雄市那瑪夏區瑪雅里平和巷171號,(07)6701813,http://www.sm.ks.edu.tw
遊樂園,124543,市立青年國中,公立,[12]高雄市,830,高雄市鳳山區青年路二段89號,(07)7190419,http://www.qnm.ks.edu.tw
遊樂園,124544,市立一甲國中,公立,[12]高雄市,821,高雄市路竹區一甲路111號,(07)6977479,http://www.yjm.ks.edu.tw
遊樂園,124545,市立大灣國中,公立,[12]高雄市,814,高雄市仁武區大灣里仁雄路99號,(07)3711715,http://www.dwm.ks.edu.tw/school/web/index.php
站台01,124546,市立嘉興國中,公立,[12]高雄市,820,高雄市岡山區嘉興里信中街486號,(07)6221039,http://www.jsm.ks.edu.tw
站台01,124547,市立茂林國中,公立,[12]高雄市,851,高雄市茂林區茂林里4之5號,(07)6801153,http://www.ml.ks.edu.tw
站台02,124548,市立桃源國中,公立,[12]高雄市,848,高雄市桃源區勤和里南橫公路三段201號,(07)6861133,http://www.ty.ks.edu.tw
站台02,124549,市立中崙國中,公立,[12]高雄市,830,高雄市鳳山區中崙二路487號,(07)7538686,http://www.zlm.ks.edu.tw
站台02,124550,市立鳳翔國中,公立,[12]高雄市,830,高雄市鳳山區保義街100號,(07)7929337,http://www.flyjh.kh.edu.tw/
社大,513501,市立鹽埕國中,公立,[51]高雄市,803,高雄市鹽埕區新樂街46號,(07)5211283,http://www.yacjh.kh.edu.tw
社大,523502,市立壽山國中,公立,[52]高雄市,804,高雄市鼓山區鼓山二路37巷108號,(07)5519150,http://www.ssjh.kh.edu.tw
社大,523503,市立明華國中,公立,[52]高雄市,804,高雄市鼓山區明誠三路582號,(07)5502002,http://www.mhjh.kh.edu.tw
社大,523504,市立七賢國中,公立,[52]高雄市,804,高雄市鼓山區美術東三路110號,(07)2810946,http://www.chihjh.kh.edu.tw
社大,533501,市立左營國中,公立,[53]高雄市,813,高雄市左營區曾子路281號,(07)3433080,http://www.tyjh.kh.edu.tw
學校,533502,市立大義國中,公立,[53]高雄市,813,高雄市左營區翠華路687號,(07)5820191,http://www.dyjh.kh.edu.tw
學校,533503,市立立德國中,公立,[53]高雄市,813,高雄市左營區實踐路101號,(07)5811985,http://www.ltjh.kh.edu.tw
學校,533504,市立龍華國中,公立,[53]高雄市,813,高雄市左營區自由二路2號,(07)5570720,http://www.lhjh.kh.edu.tw
學校,533505,市立福山國中,公立,[53]高雄市,813,高雄市左營區重信路215號,(07)3501581,http://www.fsjh.kh.edu.tw
遊樂園,533506,市立文府國中,公立,[53]高雄市,813,高雄市左營區福山里文府路401號,(07)3495569,http://www.zywfjh.kh.edu.tw/
遊樂園,543501,市立楠梓國中,公立,[54]高雄市,811,高雄市楠梓區楠梓路336號,(07)3517191,http://www.ntjh.kh.edu.tw
遊樂園,543502,市立右昌國中,公立,[54]高雄市,811,高雄市楠梓區興昌里盛昌街161號,(07)3640451,http://www.yocjh.kh.edu.tw
站台01,543503,市立後勁國中,公立,[54]高雄市,811,高雄市楠梓區加昌路180號,(07)3654111,http://www.hpjh.kh.edu.tw
站台01,543504,市立國昌國中,公立,[54]高雄市,811,高雄市楠梓區德民路1010號,(07)3644300,http://www.kcjh.kh.edu.tw
站台02,543505,市立翠屏國中(小),公立,[54]高雄市,811,高雄市楠梓區翠屏路135號,(07)3683018,http://www.tpjh.kh.edu.tw
站台02,553501,市立鼎金國中,公立,[55]高雄市,807,高雄市三民區鼎山街445號,(07)3831029,http://www.djjh.kh.edu.tw
站台02,553502,市立三民國中,公立,[55]高雄市,807,高雄市三民區十全一路200號,(07)3227751,http://www.smjh.kh.edu.tw
社大,553503,市立民族國中,公立,[55]高雄市,807,高雄市三民區覺民路363號,(07)3818718,http://www.mtjh.kh.edu.tw
社大,553504,市立陽明國中,公立,[55]高雄市,807,高雄市三民區義華路166號,(07)3892919,http://www.ymjh.kh.edu.tw
社大,553505,市立正興國中,公立,[55]高雄市,807,高雄市三民區覺民路850號,(07)3809591,http://www.chehjh.kh.edu.tw
社大,573501,市立前金國中,公立,[57]高雄市,801,高雄市前金區六合二路278號,(07)2725981,http://www.ccjh.kh.edu.tw
社大,583501,市立苓雅國中,公立,[58]高雄市,802,高雄市苓雅區四維三路176號,(07)3353307,http://www.lyjh.kh.edu.tw
學校,583502,市立五福國中,公立,[58]高雄市,802,高雄市苓雅區五福一路12號,(07)2223036,http://www.wfjh.kh.edu.tw
學校,583503,市立大仁國中,公立,[58]高雄市,802,高雄市苓雅區建國一路148號,(07)7114302,http://www.tjjh.kh.edu.tw
學校,583505,市立英明國中,公立,[58]高雄市,802,高雄市苓雅區英明路147號,(07)7150949,http://www.inmjh.kh.edu.tw
學校,593501,市立獅甲國中,公立,[59]高雄市,806,高雄市前鎮區中山三路43號,(07)3331522,http://www.scjh.kh.edu.tw
遊樂園,593502,市立前鎮國中,公立,[59]高雄市,806,高雄市前鎮區新衙路17號,(07)8217677,http://www.qzjh.kh.edu.tw
遊樂園,593503,市立瑞豐國中,公立,[59]高雄市,806,高雄市前鎮區瑞興街99號,(07)7713181,http://school.kh.edu.tw/index.php?WebID=65
遊樂園,593504,市立光華國中,公立,[59]高雄市,806,高雄市前鎮區和平二路170號,(07)7222622,http://www.khjh.kh.edu.tw
站台01,593505,市立興仁國中,公立,[59]高雄市,806,高雄市前鎮區德昌路345號,(07)8218110,http://www.hjjh.kh.edu.tw
站台01,603501,市立旗津國中,公立,[60]高雄市,805,高雄市旗津區中洲二路207號,(07)5714595,http://www.cjjh.kh.edu.tw
站台02,613501,市立小港國中,公立,[61]高雄市,812,高雄市小港區平和南路185號,(07)8215929,http://www.hkjh.kh.edu.tw
站台02,613502,市立鳳林國中,公立,[61]高雄市,812,高雄市小港區龍鳳路559號,(07)8711130,http://www.fljh.kh.edu.tw
站台02,613503,市立中山國中,公立,[61]高雄市,812,高雄市小港區漢民路352號,(07)8021765,http://www.csjh.kh.edu.tw
社大,613504,市立明義國中,公立,[61]高雄市,812,高雄市小港區明義街2號,(07)7911295,http://www.myjh.kh.edu.tw
社大,24501,縣立宜蘭國中,公立,[02]宜蘭縣,260,宜蘭縣宜蘭市樹人路37號,(03)9322519,http://www.iljh.ilc.edu.tw/iljhs/iljhs.htm
社大,24502,縣立中華國中,公立,[02]宜蘭縣,260,宜蘭縣宜蘭市女中路一段100號,(03)9382704,http://www.chjh.ilc.edu.tw
社大,24503,縣立復興國中,公立,[02]宜蘭縣,260,宜蘭縣宜蘭市復興路二段77號,(03)9322942,http://www.fsjh.ilc.edu.tw
社大,24504,縣立羅東國中,公立,[02]宜蘭縣,265,宜蘭縣羅東鎮中華路99號,(03)9542075,http://www.ltjh.ilc.edu.tw
學校,24505,縣立東光國中,公立,[02]宜蘭縣,265,宜蘭縣羅東鎮興東南路201號,(03)9542603,http://www.tkjh.ilc.edu.tw
學校,24506,縣立國華國中,公立,[02]宜蘭縣,265,宜蘭縣羅東鎮國華街101號,(03)9513062,http://www.ghjh.ilc.edu.tw
學校,24507,縣立頭城國中,公立,[02]宜蘭縣,261,宜蘭縣頭城鎮復興路145號,(03)9771002,http://www.tcjh.ilc.edu.tw
學校,24508,縣立蘇澳國中,公立,[02]宜蘭縣,270,宜蘭縣蘇澳鎮中山路二段1號,(03)9962137,http://www.sajh.ilc.edu.tw
遊樂園,24509,縣立文化國中,公立,[02]宜蘭縣,270,宜蘭縣蘇澳鎮永榮里新馬路2號,(03)9903060,http://www.whjh.ilc.edu.tw
遊樂園,24510,縣立南安國中,公立,[02]宜蘭縣,270,宜蘭縣蘇澳鎮學府路117號,(03)9962317,http://www.najh.ilc.edu.tw
遊樂園,24511,縣立三星國中,公立,[02]宜蘭縣,266,宜蘭縣三星鄉月眉村月眉街54號,(03)9892012,http://www.ssjh.ilc.edu.tw
站台01,24512,縣立礁溪國中,公立,[02]宜蘭縣,262,宜蘭縣礁溪鄉礁溪路四段23號,(03)9882412,http://www.csjh.ilc.edu.tw
站台01,24513,縣立吳沙國中,公立,[02]宜蘭縣,262,宜蘭縣礁溪鄉育英路79號,(03)9284701,http://www.wsjh.ilc.edu.tw
站台02,24514,縣立冬山國中,公立,[02]宜蘭縣,269,宜蘭縣冬山鄉南興村照安路26號,(03)9592076,http://www.dsjh.ilc.edu.tw
站台02,24515,縣立順安國中,公立,[02]宜蘭縣,269,宜蘭縣冬山鄉順安村永興路一段359號,(03)9581150,http://www.sanjh.ilc.edu.tw
站台02,24516,縣立五結國中,公立,[02]宜蘭縣,268,宜蘭縣五結鄉大吉村大吉五路58號,(03)9501105,http://www.wjjh.ilc.edu.tw
社大,24517,縣立興中國中,公立,[02]宜蘭縣,268,宜蘭縣五結鄉上四村中正東路50號,(03)9653453,http://www.scjh.ilc.edu.tw
社大,24518,縣立利澤國中,公立,[02]宜蘭縣,268,宜蘭縣五結鄉成興村利寶路99號,(03)9504762,http://www.ljjh.ilc.edu.tw
社大,24519,縣立員山國中,公立,[02]宜蘭縣,264,宜蘭縣員山鄉溫泉路92號,(03)9222331,http://www.ysjh.ilc.edu.tw
社大,24520,縣立內城國中(小),公立,[02]宜蘭縣,264,宜蘭縣員山鄉內城村內城路545號,(03)9221846,http://www.ryjh.ilc.edu.tw
社大,24521,縣立壯圍國中,公立,[02]宜蘭縣,263,宜蘭縣壯圍鄉富祥路588號,(03)9381773,http://www.cwjh.ilc.edu.tw
學校,24523,縣立大同國中,公立,[02]宜蘭縣,267,宜蘭縣大同鄉太平村一鄰泰雅路四段35號,(03)9809611,http://www.dtjh.ilc.edu.tw
學校,24524,縣立凱旋國中,公立,[02]宜蘭縣,260,宜蘭縣宜蘭市建業里10鄰縣政七街50巷1號,(03)9255600,http://www.ksjh.ilc.edu.tw
學校,24526,縣立人文國中(小),公立,[02]宜蘭縣,261,宜蘭縣頭城鎮拔雅里文雅路150號,(03)9773396,http://www.jwps.ilc.edu.tw
學校,41501,私立康乃薾國中(小),私立,[04]新竹縣,302,新竹縣竹北市六家一路二段115號,(03)6589188,http://w1.korrnell.com.tw
遊樂園,44501,縣立竹東國中,公立,[04]新竹縣,310,新竹縣竹東鎮公園路8號,(03)5961207,http://www.cdjh.hcc.edu.tw
遊樂園,44502,縣立二重國中,公立,[04]新竹縣,310,新竹縣竹東鎮二重里學府路132號,(03)5823083,http://www.ecjh.hcc.edu.tw
遊樂園,44503,縣立員東國中,公立,[04]新竹縣,310,新竹縣竹東鎮東峰路521號,(03)5963324,http://www.ydjh.hcc.edu.tw
站台01,44504,縣立關西國中,公立,[04]新竹縣,306,新竹縣關西鎮北斗里北門口41號,(03)5872008,http://www.khjh.hcc.edu.tw
站台01,44505,縣立石光國中,公立,[04]新竹縣,306,新竹縣關西鎮石光里308巷44號,(03)5868019,http://www.sgjh.hcc.edu.tw/bin/home.php
站台02,44506,縣立富光國中,公立,[04]新竹縣,306,新竹縣關西鎮東光里十六張49號,(03)5872224,http://www.fgjh.hcc.edu.tw
站台02,44507,縣立新埔國中,公立,[04]新竹縣,305,新竹縣新埔鎮中正路792號,(03)5882026,http://www.hpjh.hcc.edu.tw
站台02,44508,縣立照門國中,公立,[04]新竹縣,305,新竹縣新埔鎮照門里照鏡7號,(03)5890214,http://www.jmjh.hcc.edu.tw
社大,44509,縣立竹北國中,公立,[04]新竹縣,302,新竹縣竹北市中正西路154號,(03)5552064,http://www.cbjh.hcc.edu.tw
社大,44510,縣立鳳岡國中,公立,[04]新竹縣,302,新竹縣竹北市大義里鳳岡路三段100號,(03)5561284,http://www.fkjh.hcc.edu.tw
社大,44512,縣立芎林國中,公立,[04]新竹縣,307,新竹縣芎林鄉新鳳村74號,(03)5922775,http://www.cljh.hcc.edu.tw
社大,44513,縣立新豐國中,公立,[04]新竹縣,304,新竹縣新豐鄉成德街36號,(03)5596573,http://www.sfjh.hcc.edu.tw
社大,44514,縣立精華國中,公立,[04]新竹縣,304,新竹縣新豐鄉後湖村八鄰166號,(03)5680923,http://www.ghjh.hcc.edu.tw
學校,44515,縣立橫山國中,公立,[04]新竹縣,312,新竹縣橫山鄉中豐路二段415號,(03)5931665,http://www.hsjh.hcc.edu.tw
學校,44516,縣立華山國中,公立,[04]新竹縣,312,新竹縣橫山鄉橫山街一段29號,(03)5934084,http://www.hwjh.hcc.edu.tw
學校,44517,縣立寶山國中,公立,[04]新竹縣,308,新竹縣寶山鄉三峰路二段600號,(03)5202104,http://www.bsjh.hcc.edu.tw
學校,44518,縣立北埔國中,公立,[04]新竹縣,314,新竹縣北埔鄉埔尾村141號,(03)5802224,http://www.ppjh.hcc.edu.tw
遊樂園,44519,縣立峨眉國中,公立,[04]新竹縣,315,新竹縣峨眉鄉峨眉街十鄰54號,(03)5800208,http://www.omjh.hcc.edu.tw
遊樂園,44521,縣立新湖國中,公立,[04]新竹縣,303,新竹縣湖口鄉新湖路200號,(03)5992159,http://www.hhjh.hcc.edu.tw
遊樂園,44522,縣立中正國中,公立,[04]新竹縣,303,新竹縣湖口鄉仁興路135號,(03)5981067,http://www.ccjh.hcc.edu.tw
站台01,44523,縣立五峰國中,公立,[04]新竹縣,311,新竹縣五峰鄉大隘村六鄰113號,(03)5851006,http://www.wfjh.hcc.edu.tw
站台01,44524,縣立尖石國中,公立,[04]新竹縣,313,新竹縣尖石鄉嘉樂村三鄰八十號,(03)5841027,http://www.gsjh.hcc.edu.tw
站台02,44525,縣立忠孝國中,公立,[04]新竹縣,304,新竹縣新豐鄉員山村孝六街1號,(03)5572555,http://www.chjh.hcc.edu.tw
站台02,44526,縣立博愛國中,公立,[04]新竹縣,302,新竹縣竹北市縣政十三路81號,(03)5530243,http://www.pajh.hcc.edu.tw
站台02,44527,縣立仁愛國中,公立,[04]新竹縣,302,新竹縣竹北市三民路239號,(03)5530238,http://www.jajh.hcc.edu.tw
社大,44528,縣立自強國中,公立,[04]新竹縣,310,新竹縣竹東鎮自強路169號,(03)5103291,http://www.jcjh.hcc.edu.tw
社大,44529,縣立成功國中,公立,[04]新竹縣,302,新竹縣竹北市成功八路99號,(03)5505924,http://www.cgjh.hcc.edu.tw/bin/home.php
社大,44530,縣立東興國中,公立,[04]新竹縣,302,新竹縣竹北市嘉豐六路一段101號,(03)5502120,http://www.dxjh.hcc.edu.tw/bin/home.php
社大,44531,縣立北平華德福實驗學校(國中),公立,[04]新竹縣,305,新竹縣新埔鎮62號,(03)5882897,http://www.ppes.hcc.edu.tw/bin/home.php
社大,54501,縣立苗栗國中,公立,[05]苗栗縣,360,苗栗縣苗栗市高苗里木鐸山1號,(037)320226,http://www.mljh.mlc.edu.tw
學校,54502,縣立大倫國中,公立,[05]苗栗縣,360,苗栗縣苗栗市玉清里育英街82號,(037)266311,http://www.dljh.mlc.edu.tw/
學校,54503,縣立明仁國中,公立,[05]苗栗縣,360,苗栗縣苗栗市福麗里電台10號,(037)321261,http://www.mln.mlc.edu.tw
學校,54504,縣立頭屋國中,公立,[05]苗栗縣,362,苗栗縣頭屋鄉中正街86巷14號,(037)250738,http://web.twjh.mlc.edu.tw
學校,54505,縣立公館國中,公立,[05]苗栗縣,363,苗栗縣公館鄉館中村大同路3號,(037)222729,http://www.ggjh.mlc.edu.tw
遊樂園,54506,縣立鶴岡國中,公立,[05]苗栗縣,363,苗栗縣公館鄉鶴岡村178號,(037)226204,http://web.hgjh.mlc.edu.tw
遊樂園,54507,縣立文林國中,公立,[05]苗栗縣,366,苗栗縣銅鑼鄉朝陽村文化街12號,(037)981018,http://www.wljh.mlc.edu.tw/
遊樂園,54510,縣立致民國中,公立,[05]苗栗縣,358,苗栗縣苑裡鎮舊社里九鄰96之1號,(037)744788,http://www.cm.mlc.edu.tw
站台01,54511,縣立通霄國中,公立,[05]苗栗縣,357,苗栗縣通霄鎮中山路190巷1號,(037)752002,http://web.tsjh.mlc.edu.tw
站台01,54512,縣立南和國中,公立,[05]苗栗縣,357,苗栗縣通霄鎮南和里9鄰112之1號,(037)782404,http://web.nhes.mlc.edu.tw
站台02,54513,縣立烏眉國中,公立,[05]苗栗縣,357,苗栗縣通霄鎮內湖里1鄰5-1號,(037)752409,http://web.wumeies.mlc.edu.tw
站台02,54514,縣立啟新國中,公立,[05]苗栗縣,357,苗栗縣通霄鎮白東里135之2號,(037)792804,http://web.csjh.mlc.edu.tw
站台02,54515,縣立西湖國中,公立,[05]苗栗縣,368,苗栗縣西湖鄉龍洞村一鄰1之1號,(037)921016,http://www.shihujh.mlc.edu.tw
社大,54516,縣立頭份國中,公立,[05]苗栗縣,351,苗栗縣頭份市中央路275號,(037)663207,http://web.toufenjh.mlc.edu.tw
社大,54518,縣立文英國中,公立,[05]苗栗縣,351,苗栗縣頭份市尖下里200號,(037)624260,http://www.wyjh.mlc.edu.tw
社大,54519,縣立竹南國中,公立,[05]苗栗縣,350,苗栗縣竹南鎮正南里中正路92號,(037)475100,http://www.jnjh.mlc.edu.tw/
社大,54520,縣立照南國中,公立,[05]苗栗縣,350,苗栗縣竹南鎮佳興里３鄰公教路2號,(037)472750,http://www.jn.mlc.edu.tw/
社大,54521,縣立三灣國中,公立,[05]苗栗縣,352,苗栗縣三灣鄉三灣村忠信路17號,(037)831002,http://www.sw.mlc.edu.tw
學校,54522,縣立南庄國中,公立,[05]苗栗縣,353,苗栗縣南庄鄉東村中正路165號,(037)822027,http://web.njjh.mlc.edu.tw
學校,54523,縣立造橋國中,公立,[05]苗栗縣,361,苗栗縣造橋鄉造橋村1鄰老庄27號,(037)562773,http://web.tcjh.mlc.edu.tw
學校,54524,縣立大西國中,公立,[05]苗栗縣,361,苗栗縣造橋鄉大中街73號,(037)541080,https://www.dc.mlc.edu.tw/
學校,54525,縣立後龍國中,公立,[05]苗栗縣,356,苗栗縣後龍鎮南龍里勝利路250號,(037)722028,http://www.houlungjh.mlc.edu.tw
遊樂園,54526,縣立維真國中,公立,[05]苗栗縣,356,苗栗縣後龍鎮大庄里中山路252號,(037)722537,http://www.wjjh.mlc.edu.tw
遊樂園,54527,縣立大湖國中,公立,[05]苗栗縣,364,苗栗縣大湖鄉靜湖村民族路80號,(037)991022,http://www.dahujh.mlc.edu.tw
遊樂園,54528,縣立南湖國中,公立,[05]苗栗縣,364,苗栗縣大湖鄉義和村12號,(037)992956,http://www.nanhujh.mlc.edu.tw
站台01,54529,縣立獅潭國中,公立,[05]苗栗縣,354,苗栗縣獅潭鄉新店村21號,(037)931328,http://web.stjh.mlc.edu.tw
站台01,54531,縣立泰安國中(小),公立,[05]苗栗縣,365,苗栗縣泰安鄉大興村32之1號,(037)991224,http://web.taian.mlc.edu.tw
站台02,54532,縣立建國國中,公立,[05]苗栗縣,351,苗栗縣頭份市成功里建國路119號,(037)691491,http://www.jgjh.mlc.edu.tw/xoops/htdocs/
站台02,54534,縣立福興武術國中(小),公立,[05]苗栗縣,357,苗栗縣通霄鎮福興里58之2號,(037)782984,http://web.fushing.mlc.edu.tw/
站台02,54535,縣立新港國中(小),公立,[05]苗栗縣,356,苗栗縣後龍鎮校椅里校椅二路168號,(037)722547,http://www.skes.mlc.edu.tw
社大,74501,縣立北斗國中,公立,[07]彰化縣,521,彰化縣北斗鎮文苑路一段136號,(04)8882072,http://www.ptjhs.chc.edu.tw
社大,74502,縣立鹿港國中,公立,[07]彰化縣,506,彰化縣福興鄉橋頭村復興路78號,(04)7772037,http://www.lkjh.chc.edu.tw
社大,74503,縣立鹿鳴國中,公立,[07]彰化縣,505,彰化縣鹿港鎮頭南里頂草路三段167號,(04)7713846,http://www.lmjh.chc.edu.tw
社大,74504,縣立線西國中,公立,[07]彰化縣,507,彰化縣線西鄉寓埔村中央路二段145號,(04)7584129,http://www.hhjh.chc.edu.tw
社大,74505,縣立陽明國中,公立,[07]彰化縣,500,彰化縣彰化市長順街76號,(04)7222263,http://www.ymsc.chc.edu.tw
學校,74506,縣立彰安國中,公立,[07]彰化縣,500,彰化縣彰化市中正路二段530號,(04)7236117,http://www.cajh.chc.edu.tw
學校,74507,縣立彰德國中,公立,[07]彰化縣,500,彰化縣彰化市彰南路二段512巷97號,(04)7374461,http://www.ctjh.chc.edu.tw
學校,74509,縣立芬園國中,公立,[07]彰化縣,502,彰化縣芬園鄉彰南路四段27巷80號,(049)2522001,http://www.fyjh.chc.edu.tw
學校,74510,縣立員林國中,公立,[07]彰化縣,510,彰化縣員林市南興里南潭路2號,(04)8320873,http://www.yljh.chc.edu.tw
遊樂園,74511,縣立明倫國中,公立,[07]彰化縣,510,彰化縣員林市萬年里明倫路2號,(04)8311349,http://www.mljh.chc.edu.tw
遊樂園,74512,縣立萬興國中,公立,[07]彰化縣,526,彰化縣二林鎮萬興里二溪路六段626號,(04)8682978,http://www.whjh.chc.edu.tw
遊樂園,74514,縣立竹塘國中,公立,[07]彰化縣,525,彰化縣竹塘鄉竹塘村竹林路一段550號,(04)8972034,http://www.ctjhs.chc.edu.tw
站台01,74515,縣立大城國中,公立,[07]彰化縣,527,彰化縣大城鄉東城村南平路224號,(04)8941022,http://www.tcjhs.chc.edu.tw
站台01,74516,縣立草湖國中,公立,[07]彰化縣,528,彰化縣芳苑鄉草湖村功湖路140號,(04)8861051,https://sites.google.com/a/thjh.chc.edu.tw/2016home/home
站台02,74517,縣立芳苑國中,公立,[07]彰化縣,528,彰化縣芳苑鄉仁愛村斗苑路芳苑段211號,(04)8983264,http://www.fyjhs.chc.edu.tw
站台02,74518,縣立溪湖國中,公立,[07]彰化縣,514,彰化縣溪湖鎮彰水路四段60號,(04)8852132,http://www.cfjh.chc.edu.tw
站台02,74519,縣立埔鹽國中,公立,[07]彰化縣,516,彰化縣埔鹽鄉好修村中正路162號,(04)8653424,http://www.pyjh.chc.edu.tw
社大,74520,縣立埔心國中,公立,[07]彰化縣,513,彰化縣埔心鄉義民村忠義北路51號,(04)8291129,http://www.psjh.chc.edu.tw
社大,74521,縣立福興國中,公立,[07]彰化縣,506,彰化縣福興鄉西勢村員鹿路二段270號,(04)7772009,http://163.23.69.129
社大,74522,縣立秀水國中,公立,[07]彰化縣,504,彰化縣秀水鄉安東村中山路202號,(04)7696031,http://www.hsjh.chc.edu.tw
社大,74524,縣立伸港國中,公立,[07]彰化縣,509,彰化縣伸港鄉新港路280巷101號,(04)7988611,http://www.skjh.chc.edu.tw
社大,74525,縣立大村國中,公立,[07]彰化縣,515,彰化縣大村鄉村上村中山路二段240號,(04)8521231,http://www.ttjh.chc.edu.tw
學校,74526,縣立花壇國中,公立,[07]彰化縣,503,彰化縣花壇鄉長沙村彰員路二段580號,(04)7862043,http://163.23.66.179/
